{
    "images": [
        {
            "id": "{99eee3c2-1ab4-467d-8df4-dec8f3880a9c}",
            "name": "mchpLogo_small",
            "type": "RGB"
        },
        {
            "id": "{edbd37b1-20f2-46b2-af69-31fcf0ea2349}",
            "name": "MHGS_logo_smaller",
            "type": "RGB"
        },
        {
            "id": "{b979a5ea-1af5-4eef-b93b-fbfdba8fb488}",
            "name": "QuickstartDown_WQVGA",
            "type": "RGB"
        },
        {
            "id": "{c4a007d8-6168-4e05-9f80-402b325b99ec}",
            "name": "QuickstartUp_WQVGA",
            "type": "RGB"
        },
        {
            "id": "{6c55b9c8-fef7-490e-a921-0b1315c1f433}",
            "name": "background0",
            "type": "RGB"
        },
        {
            "id": "{a63e1f01-e155-49f6-a09a-2b46815b4a82}",
            "name": "button_off",
            "type": "RGB"
        },
        {
            "id": "{977e867f-cdb5-4a89-9406-ceb12eb2ed3e}",
            "name": "button_on",
            "type": "RGB"
        },
        {
            "id": "{53765151-07a2-44f8-a808-2416bd214a58}",
            "name": "MicrochipLogo",
            "type": "RGB"
        },
        {
            "id": "{46908ddd-5f38-463b-a60d-cc6355ecef94}",
            "name": "round_power_off",
            "type": "RGB"
        },
        {
            "id": "{ce652957-3710-4223-96a7-e21bfe8ee892}",
            "name": "round_power_on",
            "type": "RGB"
        }
    ],
    "paths": [
    ]
}
