{
    "bindings": [
        {
            "font": "{4e5fd82e-33a3-4c3f-a7e4-33a2c0a7d8cd}",
            "language": "{65875fc8-3c6d-4313-b5d8-448ec7ed69fe}",
            "string": "{45054d9f-493e-4194-ae44-368cf5013dcf}"
        },
        {
            "font": "{8d35e4c2-1a47-483e-b605-5ff677b9f820}",
            "language": "{65875fc8-3c6d-4313-b5d8-448ec7ed69fe}",
            "string": "{4ea76cc3-3d65-40e6-b24c-5ab2eca5b857}"
        },
        {
            "font": "{4e5fd82e-33a3-4c3f-a7e4-33a2c0a7d8cd}",
            "language": "{65875fc8-3c6d-4313-b5d8-448ec7ed69fe}",
            "string": "{53d6f6c6-7046-45d1-935b-6ca5d514c95d}"
        },
        {
            "font": "{8d35e4c2-1a47-483e-b605-5ff677b9f820}",
            "language": "{65875fc8-3c6d-4313-b5d8-448ec7ed69fe}",
            "string": "{59ba3cbd-0efb-405b-ab1b-90e272f2e444}"
        },
        {
            "font": "{4e5fd82e-33a3-4c3f-a7e4-33a2c0a7d8cd}",
            "language": "{65875fc8-3c6d-4313-b5d8-448ec7ed69fe}",
            "string": "{628c5cf8-da12-462b-b3ec-3844af1afe4b}"
        },
        {
            "font": "{4e5fd82e-33a3-4c3f-a7e4-33a2c0a7d8cd}",
            "language": "{65875fc8-3c6d-4313-b5d8-448ec7ed69fe}",
            "string": "{6b13b1da-1749-4110-8bf7-a4f6a0485f61}"
        },
        {
            "font": "{4e5fd82e-33a3-4c3f-a7e4-33a2c0a7d8cd}",
            "language": "{65875fc8-3c6d-4313-b5d8-448ec7ed69fe}",
            "string": "{827e403f-ebb6-42c3-aad1-a4b2f00333c6}"
        },
        {
            "font": "{4e5fd82e-33a3-4c3f-a7e4-33a2c0a7d8cd}",
            "language": "{65875fc8-3c6d-4313-b5d8-448ec7ed69fe}",
            "string": "{8de1ca2a-2145-4e53-9b8a-dcbd7e2e0c46}"
        },
        {
            "font": "{4e5fd82e-33a3-4c3f-a7e4-33a2c0a7d8cd}",
            "language": "{65875fc8-3c6d-4313-b5d8-448ec7ed69fe}",
            "string": "{94296582-df44-435d-b365-b8838c3b11b4}"
        },
        {
            "font": "{4e5fd82e-33a3-4c3f-a7e4-33a2c0a7d8cd}",
            "language": "{65875fc8-3c6d-4313-b5d8-448ec7ed69fe}",
            "string": "{a86f66ff-451e-4cb4-a25f-292e5c1e72c4}"
        },
        {
            "font": "{4e5fd82e-33a3-4c3f-a7e4-33a2c0a7d8cd}",
            "language": "{65875fc8-3c6d-4313-b5d8-448ec7ed69fe}",
            "string": "{a9ae833b-eff3-4ca5-9192-e62fd902a5b1}"
        },
        {
            "font": "{f993d596-77af-43ce-8987-d86dac980652}",
            "language": "{65875fc8-3c6d-4313-b5d8-448ec7ed69fe}",
            "string": "{b7e7e451-dfd4-4964-a446-e0982c135122}"
        },
        {
            "font": "{4e5fd82e-33a3-4c3f-a7e4-33a2c0a7d8cd}",
            "language": "{65875fc8-3c6d-4313-b5d8-448ec7ed69fe}",
            "string": "{b8a0fb5d-7966-42c0-bfbd-74552dd16ed6}"
        },
        {
            "font": "{8d35e4c2-1a47-483e-b605-5ff677b9f820}",
            "language": "{65875fc8-3c6d-4313-b5d8-448ec7ed69fe}",
            "string": "{be7977fe-0abc-4f05-ad90-2685b57dc835}"
        },
        {
            "font": "{8d35e4c2-1a47-483e-b605-5ff677b9f820}",
            "language": "{65875fc8-3c6d-4313-b5d8-448ec7ed69fe}",
            "string": "{d8e5a91d-1c9c-4ec1-a21a-1a2f9c254295}"
        },
        {
            "font": "{4e5fd82e-33a3-4c3f-a7e4-33a2c0a7d8cd}",
            "language": "{65875fc8-3c6d-4313-b5d8-448ec7ed69fe}",
            "string": "{daa45e95-6c60-4692-abfe-93190a5ef052}"
        },
        {
            "font": "{4e5fd82e-33a3-4c3f-a7e4-33a2c0a7d8cd}",
            "language": "{65875fc8-3c6d-4313-b5d8-448ec7ed69fe}",
            "string": "{e3b5bc3d-3ab1-4da7-bcd9-84ca697b2b97}"
        },
        {
            "font": "{4e5fd82e-33a3-4c3f-a7e4-33a2c0a7d8cd}",
            "language": "{65875fc8-3c6d-4313-b5d8-448ec7ed69fe}",
            "string": "{e7e9c991-f943-4b9f-855b-5813d7645617}"
        },
        {
            "font": "{4e5fd82e-33a3-4c3f-a7e4-33a2c0a7d8cd}",
            "language": "{65875fc8-3c6d-4313-b5d8-448ec7ed69fe}",
            "string": "{fd8a7d52-a6a1-4202-be25-322b5a0b7b84}"
        },
        {
            "font": "{8d35e4c2-1a47-483e-b605-5ff677b9f820}",
            "language": "{65875fc8-3c6d-4313-b5d8-448ec7ed69fe}",
            "string": "{0f545c9e-0ebf-4fad-bf69-c03f13bcc848}"
        },
        {
            "font": "{f993d596-77af-43ce-8987-d86dac980652}",
            "language": "{65875fc8-3c6d-4313-b5d8-448ec7ed69fe}",
            "string": "{328e4723-d726-49c1-adb1-e7c7d31e4b95}"
        },
        {
            "font": "{f993d596-77af-43ce-8987-d86dac980652}",
            "language": "{65875fc8-3c6d-4313-b5d8-448ec7ed69fe}",
            "string": "{67c5ea25-d673-445c-9965-6aa1cb2c0e6c}"
        }
    ],
    "defaultLanguage": "{65875fc8-3c6d-4313-b5d8-448ec7ed69fe}",
    "encoding": "ASCII",
    "languages": [
        {
            "properties": {
                "__categories": [
                ],
                "__groups": [
                ],
                "enabled": {
                    "enabled": true,
                    "type": "boolean",
                    "value": true,
                    "visible": true
                },
                "id": {
                    "enabled": true,
                    "type": "uuid",
                    "value": "{65875fc8-3c6d-4313-b5d8-448ec7ed69fe}",
                    "visible": true
                },
                "name": {
                    "enabled": true,
                    "type": "text",
                    "value": "Default",
                    "visible": true
                }
            }
        }
    ],
    "paths": [
    ],
    "strings": [
        {
            "properties": {
                "__categories": [
                ],
                "__groups": [
                ],
                "description": {
                    "enabled": true,
                    "type": "text",
                    "value": "",
                    "visible": true
                },
                "id": {
                    "enabled": true,
                    "type": "uuid",
                    "value": "{0f545c9e-0ebf-4fad-bf69-c03f13bcc848}",
                    "visible": true
                },
                "name": {
                    "enabled": true,
                    "type": "text",
                    "value": "rtc",
                    "visible": true
                },
                "path": {
                    "enabled": true,
                    "type": "text",
                    "value": "/",
                    "visible": true
                }
            },
            "values": [
                {
                    "language": "{65875fc8-3c6d-4313-b5d8-448ec7ed69fe}",
                    "value": "09/15/2022 - 15:05"
                }
            ]
        },
        {
            "properties": {
                "__categories": [
                ],
                "__groups": [
                ],
                "description": {
                    "enabled": true,
                    "type": "text",
                    "value": "",
                    "visible": true
                },
                "id": {
                    "enabled": true,
                    "type": "uuid",
                    "value": "{328e4723-d726-49c1-adb1-e7c7d31e4b95}",
                    "visible": true
                },
                "name": {
                    "enabled": true,
                    "type": "text",
                    "value": "charged_notice",
                    "visible": true
                },
                "path": {
                    "enabled": true,
                    "type": "text",
                    "value": "/",
                    "visible": true
                }
            },
            "values": [
                {
                    "language": "{65875fc8-3c6d-4313-b5d8-448ec7ed69fe}",
                    "value": "Battery fully \\ncharged"
                }
            ]
        },
        {
            "properties": {
                "__categories": [
                ],
                "__groups": [
                ],
                "description": {
                    "enabled": true,
                    "type": "text",
                    "value": "",
                    "visible": true
                },
                "id": {
                    "enabled": true,
                    "type": "uuid",
                    "value": "{45054d9f-493e-4194-ae44-368cf5013dcf}",
                    "visible": true
                },
                "name": {
                    "enabled": true,
                    "type": "text",
                    "value": "ctime",
                    "visible": true
                },
                "path": {
                    "enabled": true,
                    "type": "text",
                    "value": "/",
                    "visible": true
                }
            },
            "values": [
                {
                    "language": "{65875fc8-3c6d-4313-b5d8-448ec7ed69fe}",
                    "value": "30"
                }
            ]
        },
        {
            "properties": {
                "__categories": [
                ],
                "__groups": [
                ],
                "description": {
                    "enabled": true,
                    "type": "text",
                    "value": "",
                    "visible": true
                },
                "id": {
                    "enabled": true,
                    "type": "uuid",
                    "value": "{4ea76cc3-3d65-40e6-b24c-5ab2eca5b857}",
                    "visible": true
                },
                "name": {
                    "enabled": true,
                    "type": "text",
                    "value": "denergy_label",
                    "visible": true
                },
                "path": {
                    "enabled": true,
                    "type": "text",
                    "value": "/",
                    "visible": true
                }
            },
            "values": [
                {
                    "language": "{65875fc8-3c6d-4313-b5d8-448ec7ed69fe}",
                    "value": "Delivered\\nEnergy"
                }
            ]
        },
        {
            "properties": {
                "__categories": [
                ],
                "__groups": [
                ],
                "description": {
                    "enabled": true,
                    "type": "text",
                    "value": "",
                    "visible": true
                },
                "id": {
                    "enabled": true,
                    "type": "uuid",
                    "value": "{53d6f6c6-7046-45d1-935b-6ca5d514c95d}",
                    "visible": true
                },
                "name": {
                    "enabled": true,
                    "type": "text",
                    "value": "rtime_unit",
                    "visible": true
                },
                "path": {
                    "enabled": true,
                    "type": "text",
                    "value": "/",
                    "visible": true
                }
            },
            "values": [
                {
                    "language": "{65875fc8-3c6d-4313-b5d8-448ec7ed69fe}",
                    "value": "min"
                }
            ]
        },
        {
            "properties": {
                "__categories": [
                ],
                "__groups": [
                ],
                "description": {
                    "enabled": true,
                    "type": "text",
                    "value": "",
                    "visible": true
                },
                "id": {
                    "enabled": true,
                    "type": "uuid",
                    "value": "{59ba3cbd-0efb-405b-ab1b-90e272f2e444}",
                    "visible": true
                },
                "name": {
                    "enabled": true,
                    "type": "text",
                    "value": "time_label",
                    "visible": true
                },
                "path": {
                    "enabled": true,
                    "type": "text",
                    "value": "/",
                    "visible": true
                }
            },
            "values": [
                {
                    "language": "{65875fc8-3c6d-4313-b5d8-448ec7ed69fe}",
                    "value": "Remaining\\nTime"
                }
            ]
        },
        {
            "properties": {
                "__categories": [
                ],
                "__groups": [
                ],
                "description": {
                    "enabled": true,
                    "type": "text",
                    "value": "",
                    "visible": true
                },
                "id": {
                    "enabled": true,
                    "type": "uuid",
                    "value": "{628c5cf8-da12-462b-b3ec-3844af1afe4b}",
                    "visible": true
                },
                "name": {
                    "enabled": true,
                    "type": "text",
                    "value": "charge_percent",
                    "visible": true
                },
                "path": {
                    "enabled": true,
                    "type": "text",
                    "value": "/",
                    "visible": true
                }
            },
            "values": [
            ]
        },
        {
            "properties": {
                "__categories": [
                ],
                "__groups": [
                ],
                "description": {
                    "enabled": true,
                    "type": "text",
                    "value": "",
                    "visible": true
                },
                "id": {
                    "enabled": true,
                    "type": "uuid",
                    "value": "{67c5ea25-d673-445c-9965-6aa1cb2c0e6c}",
                    "visible": true
                },
                "name": {
                    "enabled": true,
                    "type": "text",
                    "value": "charging_notice",
                    "visible": true
                },
                "path": {
                    "enabled": true,
                    "type": "text",
                    "value": "/",
                    "visible": true
                }
            },
            "values": [
                {
                    "language": "{65875fc8-3c6d-4313-b5d8-448ec7ed69fe}",
                    "value": "Charging . . ."
                }
            ]
        },
        {
            "properties": {
                "__categories": [
                ],
                "__groups": [
                ],
                "description": {
                    "enabled": true,
                    "type": "text",
                    "value": "",
                    "visible": true
                },
                "id": {
                    "enabled": true,
                    "type": "uuid",
                    "value": "{6b13b1da-1749-4110-8bf7-a4f6a0485f61}",
                    "visible": true
                },
                "name": {
                    "enabled": true,
                    "type": "text",
                    "value": "pwr_unit",
                    "visible": true
                },
                "path": {
                    "enabled": true,
                    "type": "text",
                    "value": "/",
                    "visible": true
                }
            },
            "values": [
                {
                    "language": "{65875fc8-3c6d-4313-b5d8-448ec7ed69fe}",
                    "value": "kW"
                }
            ]
        },
        {
            "properties": {
                "__categories": [
                ],
                "__groups": [
                ],
                "description": {
                    "enabled": true,
                    "type": "text",
                    "value": "",
                    "visible": true
                },
                "id": {
                    "enabled": true,
                    "type": "uuid",
                    "value": "{827e403f-ebb6-42c3-aad1-a4b2f00333c6}",
                    "visible": true
                },
                "name": {
                    "enabled": true,
                    "type": "text",
                    "value": "pwr",
                    "visible": true
                },
                "path": {
                    "enabled": true,
                    "type": "text",
                    "value": "/",
                    "visible": true
                }
            },
            "values": [
                {
                    "language": "{65875fc8-3c6d-4313-b5d8-448ec7ed69fe}",
                    "value": "25"
                }
            ]
        },
        {
            "properties": {
                "__categories": [
                ],
                "__groups": [
                ],
                "description": {
                    "enabled": true,
                    "type": "text",
                    "value": "",
                    "visible": true
                },
                "id": {
                    "enabled": true,
                    "type": "uuid",
                    "value": "{8de1ca2a-2145-4e53-9b8a-dcbd7e2e0c46}",
                    "visible": true
                },
                "name": {
                    "enabled": true,
                    "type": "text",
                    "value": "energy_unit",
                    "visible": true
                },
                "path": {
                    "enabled": true,
                    "type": "text",
                    "value": "/",
                    "visible": true
                }
            },
            "values": [
                {
                    "language": "{65875fc8-3c6d-4313-b5d8-448ec7ed69fe}",
                    "value": "kWh"
                }
            ]
        },
        {
            "properties": {
                "__categories": [
                ],
                "__groups": [
                ],
                "description": {
                    "enabled": true,
                    "type": "text",
                    "value": "",
                    "visible": true
                },
                "id": {
                    "enabled": true,
                    "type": "uuid",
                    "value": "{94296582-df44-435d-b365-b8838c3b11b4}",
                    "visible": true
                },
                "name": {
                    "enabled": true,
                    "type": "text",
                    "value": "remaining_charge",
                    "visible": true
                },
                "path": {
                    "enabled": true,
                    "type": "text",
                    "value": "/",
                    "visible": true
                }
            },
            "values": [
                {
                    "language": "{65875fc8-3c6d-4313-b5d8-448ec7ed69fe}",
                    "value": "10%"
                }
            ]
        },
        {
            "properties": {
                "__categories": [
                ],
                "__groups": [
                ],
                "description": {
                    "enabled": true,
                    "type": "text",
                    "value": "",
                    "visible": true
                },
                "id": {
                    "enabled": true,
                    "type": "uuid",
                    "value": "{a86f66ff-451e-4cb4-a25f-292e5c1e72c4}",
                    "visible": true
                },
                "name": {
                    "enabled": true,
                    "type": "text",
                    "value": "rtime",
                    "visible": true
                },
                "path": {
                    "enabled": true,
                    "type": "text",
                    "value": "/",
                    "visible": true
                }
            },
            "values": [
                {
                    "language": "{65875fc8-3c6d-4313-b5d8-448ec7ed69fe}",
                    "value": "180"
                }
            ]
        },
        {
            "properties": {
                "__categories": [
                ],
                "__groups": [
                ],
                "description": {
                    "enabled": true,
                    "type": "text",
                    "value": "",
                    "visible": true
                },
                "id": {
                    "enabled": true,
                    "type": "uuid",
                    "value": "{a9ae833b-eff3-4ca5-9192-e62fd902a5b1}",
                    "visible": true
                },
                "name": {
                    "enabled": true,
                    "type": "text",
                    "value": "Smart",
                    "visible": true
                },
                "path": {
                    "enabled": true,
                    "type": "text",
                    "value": "/",
                    "visible": true
                }
            },
            "values": [
                {
                    "language": "{65875fc8-3c6d-4313-b5d8-448ec7ed69fe}",
                    "value": "Smart."
                }
            ]
        },
        {
            "properties": {
                "__categories": [
                ],
                "__groups": [
                ],
                "description": {
                    "enabled": true,
                    "type": "text",
                    "value": "",
                    "visible": true
                },
                "id": {
                    "enabled": true,
                    "type": "uuid",
                    "value": "{b7e7e451-dfd4-4964-a446-e0982c135122}",
                    "visible": true
                },
                "name": {
                    "enabled": true,
                    "type": "text",
                    "value": "Notice",
                    "visible": true
                },
                "path": {
                    "enabled": true,
                    "type": "text",
                    "value": "/",
                    "visible": true
                }
            },
            "values": [
                {
                    "language": "{65875fc8-3c6d-4313-b5d8-448ec7ed69fe}",
                    "value": "Please,\\nplug your car"
                }
            ]
        },
        {
            "properties": {
                "__categories": [
                ],
                "__groups": [
                ],
                "description": {
                    "enabled": true,
                    "type": "text",
                    "value": "",
                    "visible": true
                },
                "id": {
                    "enabled": true,
                    "type": "uuid",
                    "value": "{b8a0fb5d-7966-42c0-bfbd-74552dd16ed6}",
                    "visible": true
                },
                "name": {
                    "enabled": true,
                    "type": "text",
                    "value": "ctime_unit",
                    "visible": true
                },
                "path": {
                    "enabled": true,
                    "type": "text",
                    "value": "/",
                    "visible": true
                }
            },
            "values": [
                {
                    "language": "{65875fc8-3c6d-4313-b5d8-448ec7ed69fe}",
                    "value": "min"
                }
            ]
        },
        {
            "properties": {
                "__categories": [
                ],
                "__groups": [
                ],
                "description": {
                    "enabled": true,
                    "type": "text",
                    "value": "",
                    "visible": true
                },
                "id": {
                    "enabled": true,
                    "type": "uuid",
                    "value": "{be7977fe-0abc-4f05-ad90-2685b57dc835}",
                    "visible": true
                },
                "name": {
                    "enabled": true,
                    "type": "text",
                    "value": "ctime_label",
                    "visible": true
                },
                "path": {
                    "enabled": true,
                    "type": "text",
                    "value": "/",
                    "visible": true
                }
            },
            "values": [
                {
                    "language": "{65875fc8-3c6d-4313-b5d8-448ec7ed69fe}",
                    "value": "Charge\\nTime"
                }
            ]
        },
        {
            "properties": {
                "__categories": [
                ],
                "__groups": [
                ],
                "description": {
                    "enabled": true,
                    "type": "text",
                    "value": "",
                    "visible": true
                },
                "id": {
                    "enabled": true,
                    "type": "uuid",
                    "value": "{d8e5a91d-1c9c-4ec1-a21a-1a2f9c254295}",
                    "visible": true
                },
                "name": {
                    "enabled": true,
                    "type": "text",
                    "value": "op_label",
                    "visible": true
                },
                "path": {
                    "enabled": true,
                    "type": "text",
                    "value": "/",
                    "visible": true
                }
            },
            "values": [
                {
                    "language": "{65875fc8-3c6d-4313-b5d8-448ec7ed69fe}",
                    "value": "Output\\nPower"
                }
            ]
        },
        {
            "properties": {
                "__categories": [
                ],
                "__groups": [
                ],
                "description": {
                    "enabled": true,
                    "type": "text",
                    "value": "",
                    "visible": true
                },
                "id": {
                    "enabled": true,
                    "type": "uuid",
                    "value": "{daa45e95-6c60-4692-abfe-93190a5ef052}",
                    "visible": true
                },
                "name": {
                    "enabled": true,
                    "type": "text",
                    "value": "energy",
                    "visible": true
                },
                "path": {
                    "enabled": true,
                    "type": "text",
                    "value": "/",
                    "visible": true
                }
            },
            "values": [
                {
                    "language": "{65875fc8-3c6d-4313-b5d8-448ec7ed69fe}",
                    "value": "12"
                }
            ]
        },
        {
            "properties": {
                "__categories": [
                ],
                "__groups": [
                ],
                "description": {
                    "enabled": true,
                    "type": "text",
                    "value": "",
                    "visible": true
                },
                "id": {
                    "enabled": true,
                    "type": "uuid",
                    "value": "{e3b5bc3d-3ab1-4da7-bcd9-84ca697b2b97}",
                    "visible": true
                },
                "name": {
                    "enabled": true,
                    "type": "text",
                    "value": "evcharger",
                    "visible": true
                },
                "path": {
                    "enabled": true,
                    "type": "text",
                    "value": "/",
                    "visible": true
                }
            },
            "values": [
                {
                    "language": "{65875fc8-3c6d-4313-b5d8-448ec7ed69fe}",
                    "value": "EV Charging"
                }
            ]
        },
        {
            "properties": {
                "__categories": [
                ],
                "__groups": [
                ],
                "description": {
                    "enabled": true,
                    "type": "text",
                    "value": "",
                    "visible": true
                },
                "id": {
                    "enabled": true,
                    "type": "uuid",
                    "value": "{e7e9c991-f943-4b9f-855b-5813d7645617}",
                    "visible": true
                },
                "name": {
                    "enabled": true,
                    "type": "text",
                    "value": "Fast",
                    "visible": true
                },
                "path": {
                    "enabled": true,
                    "type": "text",
                    "value": "/",
                    "visible": true
                }
            },
            "values": [
                {
                    "language": "{65875fc8-3c6d-4313-b5d8-448ec7ed69fe}",
                    "value": "Fast."
                }
            ]
        },
        {
            "properties": {
                "__categories": [
                ],
                "__groups": [
                ],
                "description": {
                    "enabled": true,
                    "type": "text",
                    "value": "",
                    "visible": true
                },
                "id": {
                    "enabled": true,
                    "type": "uuid",
                    "value": "{fd8a7d52-a6a1-4202-be25-322b5a0b7b84}",
                    "visible": true
                },
                "name": {
                    "enabled": true,
                    "type": "text",
                    "value": "Easy",
                    "visible": true
                },
                "path": {
                    "enabled": true,
                    "type": "text",
                    "value": "/",
                    "visible": true
                }
            },
            "values": [
                {
                    "language": "{65875fc8-3c6d-4313-b5d8-448ec7ed69fe}",
                    "value": "Easy."
                }
            ]
        }
    ]
}
