{
    "bindings": [
        {
            "font": "{4e5fd82e-33a3-4c3f-a7e4-33a2c0a7d8cd}",
            "language": "{65875fc8-3c6d-4313-b5d8-448ec7ed69fe}",
            "string": "{a9ae833b-eff3-4ca5-9192-e62fd902a5b1}"
        },
        {
            "font": "{f993d596-77af-43ce-8987-d86dac980652}",
            "language": "{65875fc8-3c6d-4313-b5d8-448ec7ed69fe}",
            "string": "{b7e7e451-dfd4-4964-a446-e0982c135122}"
        },
        {
            "font": "{4e5fd82e-33a3-4c3f-a7e4-33a2c0a7d8cd}",
            "language": "{65875fc8-3c6d-4313-b5d8-448ec7ed69fe}",
            "string": "{e7e9c991-f943-4b9f-855b-5813d7645617}"
        },
        {
            "font": "{4e5fd82e-33a3-4c3f-a7e4-33a2c0a7d8cd}",
            "language": "{65875fc8-3c6d-4313-b5d8-448ec7ed69fe}",
            "string": "{fd8a7d52-a6a1-4202-be25-322b5a0b7b84}"
        }
    ],
    "defaultLanguage": "{65875fc8-3c6d-4313-b5d8-448ec7ed69fe}",
    "encoding": "ASCII",
    "languages": [
        {
            "properties": {
                "__categories": [
                ],
                "__groups": [
                ],
                "enabled": {
                    "enabled": true,
                    "type": "boolean",
                    "value": true,
                    "visible": true
                },
                "id": {
                    "enabled": true,
                    "type": "uuid",
                    "value": "{65875fc8-3c6d-4313-b5d8-448ec7ed69fe}",
                    "visible": true
                },
                "name": {
                    "enabled": true,
                    "type": "text",
                    "value": "Default",
                    "visible": true
                }
            }
        }
    ],
    "paths": [
    ],
    "strings": [
        {
            "properties": {
                "__categories": [
                ],
                "__groups": [
                ],
                "description": {
                    "enabled": true,
                    "type": "text",
                    "value": "",
                    "visible": true
                },
                "id": {
                    "enabled": true,
                    "type": "uuid",
                    "value": "{a9ae833b-eff3-4ca5-9192-e62fd902a5b1}",
                    "visible": true
                },
                "name": {
                    "enabled": true,
                    "type": "text",
                    "value": "Smart",
                    "visible": true
                },
                "path": {
                    "enabled": true,
                    "type": "text",
                    "value": "/",
                    "visible": true
                }
            },
            "values": [
                {
                    "language": "{65875fc8-3c6d-4313-b5d8-448ec7ed69fe}",
                    "value": "Smart."
                }
            ]
        },
        {
            "properties": {
                "__categories": [
                ],
                "__groups": [
                ],
                "description": {
                    "enabled": true,
                    "type": "text",
                    "value": "",
                    "visible": true
                },
                "id": {
                    "enabled": true,
                    "type": "uuid",
                    "value": "{b7e7e451-dfd4-4964-a446-e0982c135122}",
                    "visible": true
                },
                "name": {
                    "enabled": true,
                    "type": "text",
                    "value": "Notice",
                    "visible": true
                },
                "path": {
                    "enabled": true,
                    "type": "text",
                    "value": "/",
                    "visible": true
                }
            },
            "values": [
                {
                    "language": "{65875fc8-3c6d-4313-b5d8-448ec7ed69fe}",
                    "value": "Please,\\nplug your car"
                }
            ]
        },
        {
            "properties": {
                "__categories": [
                ],
                "__groups": [
                ],
                "description": {
                    "enabled": true,
                    "type": "text",
                    "value": "",
                    "visible": true
                },
                "id": {
                    "enabled": true,
                    "type": "uuid",
                    "value": "{e7e9c991-f943-4b9f-855b-5813d7645617}",
                    "visible": true
                },
                "name": {
                    "enabled": true,
                    "type": "text",
                    "value": "Fast",
                    "visible": true
                },
                "path": {
                    "enabled": true,
                    "type": "text",
                    "value": "/",
                    "visible": true
                }
            },
            "values": [
                {
                    "language": "{65875fc8-3c6d-4313-b5d8-448ec7ed69fe}",
                    "value": "Fast."
                }
            ]
        },
        {
            "properties": {
                "__categories": [
                ],
                "__groups": [
                ],
                "description": {
                    "enabled": true,
                    "type": "text",
                    "value": "",
                    "visible": true
                },
                "id": {
                    "enabled": true,
                    "type": "uuid",
                    "value": "{fd8a7d52-a6a1-4202-be25-322b5a0b7b84}",
                    "visible": true
                },
                "name": {
                    "enabled": true,
                    "type": "text",
                    "value": "Easy",
                    "visible": true
                },
                "path": {
                    "enabled": true,
                    "type": "text",
                    "value": "/",
                    "visible": true
                }
            },
            "values": [
                {
                    "language": "{65875fc8-3c6d-4313-b5d8-448ec7ed69fe}",
                    "value": "Easy."
                }
            ]
        }
    ]
}
