{
    "images": [
        {
            "id": "{cbddf375-1600-41d1-8607-988a28b40c2e}",
            "name": "image1",
            "type": "RGB"
        },
        {
            "id": "{eb3b9930-3328-4ddf-b77a-44b4e23659e3}",
            "name": "image0",
            "type": "RGB"
        },
        {
            "id": "{1bd1d0e5-7524-483e-ad5f-e5a96c66f86b}",
            "name": "MicrochipLogo",
            "type": "RGB"
        },
        {
            "id": "{bb8f8bc9-5c9f-44ce-891e-de6708b388f3}",
            "name": "minus",
            "type": "RGB"
        },
        {
            "id": "{b408c7fa-7bf5-4406-adf7-da4cda396442}",
            "name": "minusp",
            "type": "RGB"
        },
        {
            "id": "{e4cc2f21-4672-4174-9414-acb46cb2f32a}",
            "name": "plus",
            "type": "RGB"
        },
        {
            "id": "{f3578b81-8692-4bca-9e32-2e82b66bb950}",
            "name": "plusp",
            "type": "RGB"
        },
        {
            "id": "{2f18fd03-1be8-42cc-911f-3e51c10f9e82}",
            "name": "round_power_off",
            "type": "RGB"
        },
        {
            "id": "{19413df8-0650-4968-a76c-d2db072add77}",
            "name": "round_power_on",
            "type": "RGB"
        },
        {
            "id": "{06affeb2-a887-484f-862c-3e32764d596c}",
            "name": "Battery0",
            "type": "RGB"
        },
        {
            "id": "{fda62dc4-28c1-45b1-93e8-2d07cd8cf213}",
            "name": "Battery1",
            "type": "RGB"
        },
        {
            "id": "{304bbaca-a17f-41fa-90c9-0724754141a6}",
            "name": "Battery2",
            "type": "RGB"
        },
        {
            "id": "{5636611a-921c-4842-9d82-de46bcf613d2}",
            "name": "Battery3",
            "type": "RGB"
        },
        {
            "id": "{fdbde8dc-356a-4f61-adeb-f8a1b6712e50}",
            "name": "Battery4",
            "type": "RGB"
        },
        {
            "id": "{950d5e24-42eb-4df9-bf74-34808e83eba2}",
            "name": "Battery5",
            "type": "RGB"
        },
        {
            "id": "{2333074c-7e10-4eec-ac86-63df27793438}",
            "name": "Battery6",
            "type": "RGB"
        },
        {
            "id": "{d98f2c1f-7d99-4826-805e-62f4cd58eda7}",
            "name": "Battery7",
            "type": "RGB"
        },
        {
            "id": "{984acba2-7a50-4070-bd3d-32073b65fb9b}",
            "name": "Battery8",
            "type": "RGB"
        },
        {
            "id": "{06004c2f-5ea2-4899-802d-30e87019e9c7}",
            "name": "Battery9",
            "type": "RGB"
        },
        {
            "id": "{894fd469-e9e2-4549-a7b1-59b20968ff43}",
            "name": "Battery10",
            "type": "RGB"
        },
        {
            "id": "{36e45a9a-7185-4d30-8271-adc425573761}",
            "name": "cable0",
            "type": "RGB"
        },
        {
            "id": "{e8b9a5e6-3f77-4d52-866f-c23980bc5691}",
            "name": "cable1",
            "type": "RGB"
        },
        {
            "id": "{5608bc33-f383-465d-8035-726821925ad7}",
            "name": "cable2",
            "type": "RGB"
        },
        {
            "id": "{ab2b9377-0acc-411f-bad3-cf138f6bf265}",
            "name": "cable3",
            "type": "RGB"
        },
        {
            "id": "{8195aea8-3230-4976-bca4-254bb4ca5002}",
            "name": "cable4",
            "type": "RGB"
        },
        {
            "id": "{c7f80bb5-17f3-437b-9890-61c7863d3579}",
            "name": "cable5",
            "type": "RGB"
        },
        {
            "id": "{0909706f-2635-41f0-843b-5a0da4f03bc1}",
            "name": "cable6",
            "type": "RGB"
        },
        {
            "id": "{9a7ddd8b-0eff-46fb-9b4f-327ba6df7a98}",
            "name": "cable7",
            "type": "RGB"
        },
        {
            "id": "{08da93b8-2359-40dd-96a9-d637fcc71f22}",
            "name": "cable8",
            "type": "RGB"
        },
        {
            "id": "{d0eb4b5d-4daa-42fd-83f7-01fc7927a960}",
            "name": "cable9",
            "type": "RGB"
        },
        {
            "id": "{c4eb2570-0611-41e3-8be4-9d351aa042d2}",
            "name": "cable10",
            "type": "RGB"
        },
        {
            "id": "{47d670b5-33bf-49b4-bd3f-63a11c4ba4a7}",
            "name": "cable11",
            "type": "RGB"
        },
        {
            "id": "{70e0efab-b7f7-4b52-945c-8d625e0924d5}",
            "name": "cable12",
            "type": "RGB"
        },
        {
            "id": "{c029347b-4302-438c-b0ec-c95e98924564}",
            "name": "cable13",
            "type": "RGB"
        }
    ],
    "paths": [
    ]
}
